INSERT INTO "user" ("user_id", "email", "password", "nickname", "created_at", "updated_at")
VALUES (1, 'a@naver.com', '1234', '김유성',  '2020-12-31 05:51:47', '2020-12-31 05:52:29'),
       (2, 'b@naver.com', '1234', '김가영',  '2020-12-31 05:51:47', '2020-12-31 05:52:29'),
       (3, 'c@naver.com', '1234', '강현준',  '2020-12-31 05:51:47', '2020-12-31 05:52:29'),
       (4, 'd@naver.com', '1234', '홍길동',  '2020-12-31 05:51:47', '2020-12-31 05:52:29'),
       (5, 'e@naver.com', '1234', '아무개',  '2020-12-31 05:51:47', '2020-12-31 05:52:29');

INSERT INTO "article" ("article_id", "title", "content", "view_count", "liked_count", "status", "user_id", "created_at", "updated_at")
VALUES  (6,  '제목1', '내용1', 0, 0, 'ACTIVE', 1, '2020-12-31 05:51:47', '2020-12-31 05:51:47'),
        (7,  '제목3', '내용2', 1, 1, 'ACTIVE', 2, '2020-12-31 05:51:47', '2020-12-31 05:51:47'),
        (8,  '제목3', '내용3', 2, 2, 'ACTIVE', 3, '2020-12-31 05:51:47', '2020-12-31 05:51:47'),
        (9,  '제목4', '내용4', 3, 3, 'ACTIVE', 4, '2020-12-31 05:51:47', '2020-12-31 05:51:47'),
        (10, '제목5', '내용5', 4, 4, 'ACTIVE', 5, '2020-12-31 05:51:47', '2020-12-31 05:51:47');

INSERT INTO "article_image" ("article_image_id", "path", "article_id", "created_at", "updated_at")
VALUES  (11, '/download/image1.png', 6, '2020-12-31 05:51:47', '2020-12-31 05:51:47'),
        (12, '/download/image2.png', 6, '2020-12-31 05:51:47', '2020-12-31 05:51:47'),
        (13, '/download/image3.png', 6, '2020-12-31 05:51:47', '2020-12-31 05:51:47'),
        (14, '/download/image4.png', 7, '2020-12-31 05:51:47', '2020-12-31 05:51:47'),
        (15, '/download/image5.png', 7, '2020-12-31 05:51:47', '2020-12-31 05:51:47'),
        (16, '/download/image6.png', 7, '2020-12-31 05:51:47', '2020-12-31 05:51:47');

INSERT INTO "liked" ("liked_id", "status", "user_id", "article_id", "created_at", "updated_at")
VALUES (17, 'ACTIVE', 1, 6, '2020-12-31 05:51:47', '2020-12-31 05:51:47'),
       (18, 'ACTIVE', 1, 7, '2020-12-31 05:51:47', '2020-12-31 05:51:47'),
       (19, 'ACTIVE', 1, 8, '2020-12-31 05:51:47', '2020-12-31 05:51:47'),
       (20, 'ACTIVE', 1, 9, '2020-12-31 05:51:47', '2020-12-31 05:51:47');

INSERT INTO "user_friend" ("user_friend_id", "status", "user_id", "friend_id", "created_at", "updated_at")
VALUES     (21, 'FOLLOW', 1, 2, '2020-12-31 05:51:47', '2020-12-31 05:51:47'),
           (22, 'FOLLOW', 2, 1, '2020-12-31 05:51:47', '2020-12-31 05:51:47'),
           (23, 'FOLLOW', 3, 4, '2020-12-31 05:51:47', '2020-12-31 05:51:47'),
           (24, 'FOLLOW', 4, 3, '2020-12-31 05:51:47', '2020-12-31 05:51:47');

